test_set,tamper_type,num_images,total_positive_gt_pixels,total_predicted_positive_pixels,tp,fp,fn,tn,precision,recall,f1,iou,accuracy,specificity,false_positive_rate,false_negative_rate,mean_f1,median_f1,std_f1,mean_iou,median_iou,std_iou,mean_precision,mean_recall,mean_mask_area_ratio,mean_predicted_area_ratio,mean_error_area_ratio
TestingSet,generation,3,182,1337,29,1308,153,10798,0.02169035153328347,0.15934065934065933,0.03818301514154049,0.019463087248322148,0.881103515625,0.8919544027754832,0.10804559722451677,0.8406593406593407,0.03873171806606482,0.030162412993039445,0.023407258338001544,0.01989445143386645,0.015312131919905771,0.012245926245077917,0.02364382212049619,0.17370931537598203,0.014811197916666666,0.10880533854166667,0.118896484375
TestingSet,copy_move,3,308,1345,77,1268,231,10712,0.05724907063197026,0.25,0.09316394434361766,0.04885786802030457,0.8780110677083334,0.8941569282136895,0.10584307178631051,0.75,0.07798270941192088,0.09382716049382717,0.03361089734856676,0.04088837005858118,0.04922279792746114,0.01801373490528388,0.05056075276189128,0.23443223443223446,0.025065104166666668,0.10945638020833333,0.12198893229166667
FCD,copy_move,3,198,1316,31,1285,167,10805,0.023556231003039513,0.15656565656565657,0.04095112285336856,0.020903573836817263,0.8818359375,0.8937138130686518,0.10628618693134823,0.8434343434343434,0.04403982790003672,0.03125,0.01886181487505744,0.022611454150869167,0.015873015873015872,0.009928836379602738,0.02759166898559411,0.18041125541125544,0.01611328125,0.10709635416666667,0.1181640625
FCD,generation,1,54,207,2,205,52,3837,0.00966183574879227,0.037037037037037035,0.01532567049808429,0.007722007722007722,0.937255859375,0.9492825333993072,0.05071746660069273,0.9629629629629629,0.01532567049808429,0.01532567049808429,0.0,0.007722007722007722,0.007722007722007722,0.0,0.00966183574879227,0.037037037037037035,0.01318359375,0.050537109375,0.062744140625
SCD,copy_move,5,360,2407,87,2320,273,17800,0.03614457831325301,0.24166666666666667,0.06288398988073726,0.03246268656716418,0.873388671875,0.8846918489065606,0.11530815109343936,0.7583333333333333,0.05126322438802598,0.03125,0.03415844383321134,0.026625133309976352,0.015873015873015872,0.018215068605642447,0.030704563111250666,0.21565416065416065,0.017578125,0.117529296875,0.126611328125
