test_set,dataset_folder,method,postprocess,threshold,num_images,tp,fp,fn,tn,precision,recall,f1,iou,accuracy,specificity,false_positive_rate,false_negative_rate,auroc_approx,auprc_approx,positive_gt_pixels,predicted_positive_pixels
TestingSet,DocTamperV1-TestingSet,grayscale + H95,no_blob,0.5,6,106,2576,384,21510,0.0395227442207308,0.2163265306122449,0.06683480453972258,0.03457273320287019,0.8795572916666666,0.8930499045088434,0.1069500954911567,0.7836734693877551,0.6081669934435621,0.03125399637044071,490,2682
FCD,DocTamperV1-FCD,grayscale + H95,no_blob,0.5,4,33,1490,219,14642,0.021667760998030205,0.13095238095238096,0.0371830985915493,0.01894374282433984,0.89569091796875,0.9076369947929581,0.09236300520704191,0.8690476190476191,0.5763239484569759,0.020531813747595162,252,1523
SCD,DocTamperV1-SCD,grayscale + H95,no_blob,0.5,5,87,2320,273,17800,0.03614457831325301,0.24166666666666667,0.06288398988073726,0.03246268656716418,0.873388671875,0.8846918489065606,0.11530815109343936,0.7583333333333333,0.5999226861055887,0.0265446139837188,360,2407
