tp,fp,fn,tn,precision,recall,f1,iou,accuracy,specificity,false_positive_rate,false_negative_rate,mean_f1,mean_iou,mean_precision,mean_recall,mean_error_area_ratio,mean_pred_gt_area_ratio,mean_h95_signal_ratio,test_set,selected_images,min_f1,max_f1,catastrophic_count,severe_count,moderate_count,minor_count
15,1014,79,7084,0.014577259475218658,0.1595744680851064,0.026714158504007122,0.013537906137184115,0.8665771484375,0.8747838972585824,0.12521610274141765,0.8404255319148937,0.02274404174556187,0.011517069820956747,0.012738460453471562,0.18101851851851852,0.1334228515625,12.191666666666666,1.2402840754476299,FCD,2,0.01532567049808429,0.030162412993039445,2,0,0,0
15,1014,79,7084,0.014577259475218658,0.1595744680851064,0.026714158504007122,0.013537906137184115,0.8665771484375,0.8747838972585824,0.12521610274141765,0.8404255319148937,0.02274404174556187,0.011517069820956747,0.012738460453471562,0.18101851851851852,0.1334228515625,12.191666666666666,1.2402840754476299,SCD,2,0.01532567049808429,0.030162412993039445,2,0,0,0
15,1014,79,7084,0.014577259475218658,0.1595744680851064,0.026714158504007122,0.013537906137184115,0.8665771484375,0.8747838972585824,0.12521610274141765,0.8404255319148937,0.02274404174556187,0.011517069820956747,0.012738460453471562,0.18101851851851852,0.1334228515625,12.191666666666666,1.2402840754476299,TestingSet,2,0.01532567049808429,0.030162412993039445,2,0,0,0
