test_set,num_images,total_positive_gt_pixels,total_predicted_positive_pixels,tp,fp,fn,tn,precision,recall,f1,iou,accuracy,specificity,false_positive_rate,false_negative_rate,mean_f1,median_f1,std_f1,mean_iou,median_iou,std_iou,mean_precision,mean_recall,mean_mask_area_ratio,mean_predicted_area_ratio,mean_error_area_ratio
TestingSet,6,490,2682,106,2576,384,21510,0.0395227442207308,0.2163265306122449,0.06683480453972258,0.03457273320287019,0.8795572916666666,0.8930499045088434,0.1069500954911567,0.7836734693877551,0.05835721373899285,0.05097853535353536,0.03498508485264877,0.030391410746223816,0.026261115266350867,0.018639067364655117,0.03710228744119374,0.20407077490410822,0.019938151041666668,0.109130859375,0.12044270833333333
FCD,4,252,1523,33,1490,219,14642,0.021667760998030205,0.13095238095238096,0.0371830985915493,0.01894374282433984,0.89569091796875,0.9076369947929581,0.09236300520704191,0.8690476190476191,0.036861288549548614,0.03070620649651972,0.020528524713315916,0.018889092543653806,0.01559257389646082,0.010747291365469949,0.02310921067639365,0.14456770081770082,0.015380859375,0.09295654296875,0.10430908203125
SCD,5,360,2407,87,2320,273,17800,0.03614457831325301,0.24166666666666667,0.06288398988073726,0.03246268656716418,0.873388671875,0.8846918489065606,0.11530815109343936,0.7583333333333333,0.05126322438802598,0.03125,0.03415844383321134,0.026625133309976352,0.015873015873015872,0.018215068605642447,0.030704563111250666,0.21565416065416065,0.017578125,0.117529296875,0.126611328125
