test_set,tamper_type,failure_category,num_images,total_positive_gt_pixels,total_predicted_positive_pixels,tp,fp,fn,tn,precision,recall,f1,iou,accuracy,specificity,false_positive_rate,false_negative_rate,mean_f1,median_f1,std_f1,mean_iou,median_iou,std_iou,mean_precision,mean_recall,mean_mask_area_ratio,mean_predicted_area_ratio,mean_error_area_ratio
TestingSet,generation,false_positive_heavy,2,94,1029,15,1014,79,7084,0.014577259475218658,0.1595744680851064,0.026714158504007122,0.013537906137184115,0.8665771484375,0.8747838972585824,0.12521610274141765,0.8404255319148937,0.02274404174556187,0.02274404174556187,0.0074183712474775775,0.011517069820956747,0.011517069820956747,0.0037950620989490244,0.012738460453471562,0.18101851851851852,0.011474609375,0.1256103515625,0.1334228515625
TestingSet,copy_move,false_positive_heavy,2,200,461,23,438,177,7554,0.049891540130151846,0.115,0.06959152798789714,0.03605015673981191,0.9249267578125,0.9451951951951952,0.054804804804804805,0.885,0.06253858024691358,0.06253858024691358,0.03128858024691358,0.03254790690023851,0.03254790690023851,0.016674891027222635,0.04529814271749756,0.10164835164835165,0.0244140625,0.0562744140625,0.0750732421875
FCD,copy_move,false_positive_heavy,2,110,1008,17,991,93,7091,0.016865079365079364,0.15454545454545454,0.030411449016100177,0.015440508628519528,0.86767578125,0.8773818361791635,0.12261816382083643,0.8454545454545455,0.03070620649651972,0.03070620649651972,0.0005437935034802773,0.01559257389646082,0.01559257389646082,0.00028044197655505056,0.018660230751118438,0.1910714285714286,0.013427734375,0.123046875,0.13232421875
FCD,generation,false_positive_heavy,1,54,207,2,205,52,3837,0.00966183574879227,0.037037037037037035,0.01532567049808429,0.007722007722007722,0.937255859375,0.9492825333993072,0.05071746660069273,0.9629629629629629,0.01532567049808429,0.01532567049808429,0.0,0.007722007722007722,0.007722007722007722,0.0,0.00966183574879227,0.037037037037037035,0.01318359375,0.050537109375,0.062744140625
SCD,copy_move,false_positive_heavy,2,94,1029,15,1014,79,7084,0.014577259475218658,0.1595744680851064,0.026714158504007122,0.013537906137184115,0.8665771484375,0.8747838972585824,0.12521610274141765,0.8404255319148937,0.02274404174556187,0.02274404174556187,0.0074183712474775775,0.011517069820956747,0.011517069820956747,0.0037950620989490244,0.012738460453471562,0.18101851851851852,0.011474609375,0.1256103515625,0.1334228515625
