test_set,likely_tamper_type,tp,fp,fn,tn,precision,recall,f1,iou,accuracy,specificity,false_positive_rate,false_negative_rate,mean_f1,mean_iou,mean_precision,mean_recall,mean_error_area_ratio,mean_pred_gt_area_ratio,mean_h95_signal_ratio,selected_images
FCD,copy_move,13,809,27,3247,0.015815085158150853,0.325,0.030162412993039445,0.015312131919905771,0.7958984375,0.8005424063116371,0.1994575936883629,0.675,0.030162412993039445,0.015312131919905771,0.015815085158150853,0.325,0.2041015625,20.55,1.4128615789992482,1
FCD,generation,2,205,52,3837,0.00966183574879227,0.037037037037037035,0.01532567049808429,0.007722007722007722,0.937255859375,0.9492825333993072,0.05071746660069273,0.9629629629629629,0.01532567049808429,0.007722007722007722,0.00966183574879227,0.037037037037037035,0.062744140625,3.8333333333333335,1.0677065718960117,1
SCD,copy_move,15,1014,79,7084,0.014577259475218658,0.1595744680851064,0.026714158504007122,0.013537906137184115,0.8665771484375,0.8747838972585824,0.12521610274141765,0.8404255319148937,0.02274404174556187,0.011517069820956747,0.012738460453471562,0.18101851851851852,0.1334228515625,12.191666666666666,1.2402840754476299,2
TestingSet,generation,15,1014,79,7084,0.014577259475218658,0.1595744680851064,0.026714158504007122,0.013537906137184115,0.8665771484375,0.8747838972585824,0.12521610274141765,0.8404255319148937,0.02274404174556187,0.011517069820956747,0.012738460453471562,0.18101851851851852,0.1334228515625,12.191666666666666,1.2402840754476299,2
